{"time": [[0.0, 0.045000000000000005], [0.05, 0.095], [0.1, 0.14500000000000002], [0.15000000000000002, 0.19500000000000003], [0.25, 0.295], [0.3, 0.345], [0.35, 0.395], [0.4, 0.44500000000000006], [0.5, 0.545], [0.55, 0.595], [0.6, 0.645], [0.65, 0.6950000000000001], [0.75, 0.795], [0.8, 0.845], [0.85, 0.895], [0.9, 0.9450000000000001]], "position": [[[0.000375, 0.001, 0.000375], [0.002625, 0.001, 0.000375]], [[0.000375, 0.001, 0.0011250000000000001], [0.002625, 0.001, 0.0011250000000000001]], [[0.000375, 0.001, 0.001875], [0.002625, 0.001, 0.001875]], [[0.000375, 0.001, 0.002625], [0.002625, 0.001, 0.002625]], [[0.000375, 0.0012000000000000001, 0.000375], [0.000375, 0.0012000000000000001, 0.002625]], [[0.0011250000000000001, 0.0012000000000000001, 0.000375], [0.0011250000000000001, 0.0012000000000000001, 0.002625]], [[0.001875, 0.0012000000000000001, 0.000375], [0.001875, 0.0012000000000000001, 0.002625]], [[0.002625, 0.0012000000000000001, 0.000375], [0.002625, 0.0012000000000000001, 0.002625]], [[0.000375, 0.0014, 0.000375], [0.002625, 0.0014, 0.000375]], [[0.000375, 0.0014, 0.0011250000000000001], [0.002625, 0.0014, 0.0011250000000000001]], [[0.000375, 0.0014, 0.001875], [0.002625, 0.0014, 0.001875]], [[0.000375, 0.0014, 0.002625], [0.002625, 0.0014, 0.002625]], [[0.000375, 0.0016, 0.000375], [0.000375, 0.0016, 0.002625]], [[0.0011250000000000001, 0.0016, 0.000375], [0.0011250000000000001, 0.0016, 0.002625]], [[0.001875, 0.0016, 0.000375], [0.001875, 0.0016, 0.002625]], [[0.002625, 0.0016, 0.000375], [0.002625, 0.0016, 0.002625]]]}